{"cameraMode":{"drawMode":0,"name":"Shaded","section":"Shading Mode"},"sceneLighting":true,"audioPlay":false,"sceneViewState":{"m_AlwaysRefresh":false,"showFog":true,"showSkybox":true,"showFlares":true,"showImageEffects":true,"showParticleSystems":true,"showVisualEffectGraphs":true,"m_FxEnabled":true},"in2DMode":false,"pivot":{"x":-27.799705505371095,"y":9.480504989624024,"z":-17.974769592285158},"rotation":{"x":-0.04831396043300629,"y":0.9489122629165649,"z":-0.18003727495670319,"w":-0.2546711266040802},"size":22.162567138671876,"orthographic":true}